{"$schema":"http://schema.management.azure.com/schemas/2015-01-01/deploymentTemplate.json#","contentVersion":"1.0.0.0","parameters":{"factoryName":{"type":"string","metadata":"Data Factory name"},"Customer_load_link":{"type":"string"},"Customer_json_link_final":{"type":"string"},"Product_json_load":{"type":"string"},"order_json_link":{"type":"string"},"ships_json_link":{"type":"string"},"sales_json_link":{"type":"string"}},"variables":{"factoryId":"[concat('Microsoft.DataFactory/factories/', parameters('factoryName'))]"},"resources":[{"name":"[concat(parameters('factoryName'), '/load_to_final_layer')]","type":"Microsoft.DataFactory/factories/pipelines","apiVersion":"2018-06-01","properties":{"activities":[{"name":"Customer","type":"Copy","dependsOn":[],"policy":{"timeout":"0.12:00:00","retry":0,"retryIntervalInSeconds":30,"secureOutput":false,"secureInput":false},"userProperties":[],"typeProperties":{"source":{"type":"AzureSqlSource","queryTimeout":"02:00:00","partitionOption":"None"},"sink":{"type":"JsonSink","storeSettings":{"type":"AzureBlobStorageWriteSettings"},"formatSettings":{"type":"JsonWriteSettings"}},"enableStaging":false},"inputs":[{"referenceName":"Customer_load","type":"DatasetReference","parameters":{}}],"outputs":[{"referenceName":"Customer_json","type":"DatasetReference","parameters":{}}]},{"name":"Product","type":"Copy","dependsOn":[{"activity":"Customer","dependencyConditions":["Succeeded"]}],"policy":{"timeout":"0.12:00:00","retry":0,"retryIntervalInSeconds":30,"secureOutput":false,"secureInput":false},"userProperties":[],"typeProperties":{"source":{"type":"AzureSqlSource","sqlReaderQuery":"Select * from dbo.products ;","queryTimeout":"02:00:00","partitionOption":"None"},"sink":{"type":"JsonSink","storeSettings":{"type":"AzureBlobStorageWriteSettings"},"formatSettings":{"type":"JsonWriteSettings"}},"enableStaging":false},"inputs":[{"referenceName":"Customer_load","type":"DatasetReference","parameters":{}}],"outputs":[{"referenceName":"Product_json","type":"DatasetReference","parameters":{}}]},{"name":"order","type":"Copy","dependsOn":[{"activity":"Product","dependencyConditions":["Succeeded"]}],"policy":{"timeout":"0.12:00:00","retry":0,"retryIntervalInSeconds":30,"secureOutput":false,"secureInput":false},"userProperties":[],"typeProperties":{"source":{"type":"AzureSqlSource","sqlReaderQuery":"select * from dbo.orders  ;","queryTimeout":"02:00:00","partitionOption":"None"},"sink":{"type":"JsonSink","storeSettings":{"type":"AzureBlobStorageWriteSettings"},"formatSettings":{"type":"JsonWriteSettings"}},"enableStaging":false},"inputs":[{"referenceName":"Customer_load","type":"DatasetReference","parameters":{}}],"outputs":[{"referenceName":"order_json","type":"DatasetReference","parameters":{}}]},{"name":"ship","type":"Copy","dependsOn":[{"activity":"order","dependencyConditions":["Succeeded"]}],"policy":{"timeout":"0.12:00:00","retry":0,"retryIntervalInSeconds":30,"secureOutput":false,"secureInput":false},"userProperties":[],"typeProperties":{"source":{"type":"AzureSqlSource","sqlReaderQuery":"select * from dbo.ships ;","queryTimeout":"02:00:00","partitionOption":"None"},"sink":{"type":"JsonSink","storeSettings":{"type":"AzureBlobStorageWriteSettings"},"formatSettings":{"type":"JsonWriteSettings"}},"enableStaging":false},"inputs":[{"referenceName":"Customer_load","type":"DatasetReference","parameters":{}}],"outputs":[{"referenceName":"ships_json","type":"DatasetReference","parameters":{}}]},{"name":"sale","type":"Copy","dependsOn":[{"activity":"ship","dependencyConditions":["Succeeded"]}],"policy":{"timeout":"0.12:00:00","retry":0,"retryIntervalInSeconds":30,"secureOutput":false,"secureInput":false},"userProperties":[],"typeProperties":{"source":{"type":"AzureSqlSource","sqlReaderQuery":"select * from dbo.ships ;","queryTimeout":"02:00:00","partitionOption":"None"},"sink":{"type":"JsonSink","storeSettings":{"type":"AzureBlobStorageWriteSettings"},"formatSettings":{"type":"JsonWriteSettings"}},"enableStaging":false},"inputs":[{"referenceName":"Customer_load","type":"DatasetReference","parameters":{}}],"outputs":[{"referenceName":"sales_json","type":"DatasetReference","parameters":{}}]}],"policy":{"elapsedTimeMetric":{}},"annotations":[],"lastPublishTime":"2023-10-29T05:09:07Z"},"dependsOn":["[concat(variables('factoryId'), '/datasets/Customer_load')]","[concat(variables('factoryId'), '/datasets/Customer_json')]","[concat(variables('factoryId'), '/datasets/Product_json')]","[concat(variables('factoryId'), '/datasets/order_json')]","[concat(variables('factoryId'), '/datasets/ships_json')]","[concat(variables('factoryId'), '/datasets/sales_json')]"]},{"name":"[concat(parameters('factoryName'), '/Customer_load')]","type":"Microsoft.DataFactory/factories/datasets","apiVersion":"2018-06-01","properties":{"linkedServiceName":{"referenceName":"[parameters('Customer_load_link')]","type":"LinkedServiceReference"},"annotations":[],"type":"AzureSqlTable","schema":[{"name":"Customer_Id","type":"nvarchar"},{"name":"Customer_name","type":"nvarchar"},{"name":"Segment","type":"nvarchar"},{"name":"Country","type":"nvarchar"},{"name":"City","type":"nvarchar"},{"name":"State","type":"nvarchar"},{"name":"Postal_code","type":"nvarchar"},{"name":"Region","type":"nvarchar"}],"typeProperties":{"schema":"dbo","table":"customers"}},"dependsOn":[]},{"name":"[concat(parameters('factoryName'), '/Customer_json')]","type":"Microsoft.DataFactory/factories/datasets","apiVersion":"2018-06-01","properties":{"linkedServiceName":{"referenceName":"[parameters('Customer_json_link_final')]","type":"LinkedServiceReference"},"annotations":[],"type":"Json","typeProperties":{"location":{"type":"AzureBlobStorageLocation","fileName":"Customer","container":"finalstoredata"}},"schema":{}},"dependsOn":[]},{"name":"[concat(parameters('factoryName'), '/Product_json')]","type":"Microsoft.DataFactory/factories/datasets","apiVersion":"2018-06-01","properties":{"linkedServiceName":{"referenceName":"[parameters('Product_json_load')]","type":"LinkedServiceReference"},"annotations":[],"type":"Json","typeProperties":{"location":{"type":"AzureBlobStorageLocation","fileName":"Products","container":"finalstoredata"}},"schema":{}},"dependsOn":[]},{"name":"[concat(parameters('factoryName'), '/order_json')]","type":"Microsoft.DataFactory/factories/datasets","apiVersion":"2018-06-01","properties":{"linkedServiceName":{"referenceName":"[parameters('order_json_link')]","type":"LinkedServiceReference"},"annotations":[],"type":"Json","typeProperties":{"location":{"type":"AzureBlobStorageLocation","fileName":"orders","container":"finalstoredata"}},"schema":{}},"dependsOn":[]},{"name":"[concat(parameters('factoryName'), '/ships_json')]","type":"Microsoft.DataFactory/factories/datasets","apiVersion":"2018-06-01","properties":{"linkedServiceName":{"referenceName":"[parameters('ships_json_link')]","type":"LinkedServiceReference"},"annotations":[],"type":"Json","typeProperties":{"location":{"type":"AzureBlobStorageLocation","fileName":"ships","container":"finalstoredata"}},"schema":{}},"dependsOn":[]},{"name":"[concat(parameters('factoryName'), '/sales_json')]","type":"Microsoft.DataFactory/factories/datasets","apiVersion":"2018-06-01","properties":{"linkedServiceName":{"referenceName":"[parameters('sales_json_link')]","type":"LinkedServiceReference"},"annotations":[],"type":"Json","typeProperties":{"location":{"type":"AzureBlobStorageLocation","fileName":"sales","container":"finalstoredata"}},"schema":{}},"dependsOn":[]}]}