{"$schema":"http://schema.management.azure.com/schemas/2015-01-01/deploymentTemplate.json#","contentVersion":"1.0.0.0","parameters":{"factoryName":{"type":"string","metadata":"Data Factory name"},"customer_source_link":{"type":"string"},"customer_sink_link":{"type":"string"}},"variables":{"factoryId":"[concat('Microsoft.DataFactory/factories/', parameters('factoryName'))]"},"resources":[{"name":"[concat(parameters('factoryName'), '/customer_ingestion')]","type":"Microsoft.DataFactory/factories/pipelines","apiVersion":"2018-06-01","properties":{"activities":[{"name":"Customer data","type":"Copy","dependsOn":[],"policy":{"timeout":"0.12:00:00","retry":0,"retryIntervalInSeconds":30,"secureOutput":false,"secureInput":false},"userProperties":[],"typeProperties":{"source":{"type":"DelimitedTextSource","storeSettings":{"type":"AzureBlobStorageReadSettings","recursive":true,"enablePartitionDiscovery":false},"formatSettings":{"type":"DelimitedTextReadSettings"}},"sink":{"type":"ParquetSink","storeSettings":{"type":"AzureBlobStorageWriteSettings"},"formatSettings":{"type":"ParquetWriteSettings"}},"enableStaging":false,"translator":{"type":"TabularTranslator","typeConversion":true,"typeConversionSettings":{"allowDataTruncation":true,"treatBooleanAsNumber":false}}},"inputs":[{"referenceName":"customer_source","type":"DatasetReference","parameters":{}}],"outputs":[{"referenceName":"customer_sink","type":"DatasetReference","parameters":{}}]}],"policy":{"elapsedTimeMetric":{}},"annotations":[],"lastPublishTime":"2023-10-28T00:22:23Z"},"dependsOn":["[concat(variables('factoryId'), '/datasets/customer_source')]","[concat(variables('factoryId'), '/datasets/customer_sink')]"]},{"name":"[concat(parameters('factoryName'), '/customer_source')]","type":"Microsoft.DataFactory/factories/datasets","apiVersion":"2018-06-01","properties":{"linkedServiceName":{"referenceName":"[parameters('customer_source_link')]","type":"LinkedServiceReference"},"annotations":[],"type":"DelimitedText","typeProperties":{"location":{"type":"AzureBlobStorageLocation","fileName":"Customer.csv","container":"samplestorecsv"},"columnDelimiter":",","escapeChar":"\\","firstRowAsHeader":true,"quoteChar":"\""},"schema":[{"name":"Customer_Id","type":"String"},{"name":"Customer_name","type":"String"},{"name":"Segment","type":"String"},{"name":"Country","type":"String"},{"name":"City","type":"String"},{"name":"State","type":"String"},{"name":"Postal_code","type":"String"},{"name":"Region","type":"String"}]},"dependsOn":[]},{"name":"[concat(parameters('factoryName'), '/customer_sink')]","type":"Microsoft.DataFactory/factories/datasets","apiVersion":"2018-06-01","properties":{"linkedServiceName":{"referenceName":"[parameters('customer_sink_link')]","type":"LinkedServiceReference"},"annotations":[],"type":"Parquet","typeProperties":{"location":{"type":"AzureBlobStorageLocation","fileName":"customer","container":"storeparquet"},"compressionCodec":"snappy"},"schema":[]},"dependsOn":[]}]}